{
  "info": {
    "name": "Online Courses API",
    "_postman_id": "12345678-1234-1234-1234-123456789012",
    "description": "Collection for Online Courses API",
    "schema": "https://schema.getpostman.com/json/collection/v2.1.0/collection.json"
  },
  "item": [
    {
      "name": "Authentication",
      "item": [
        {
          "name": "Register",
          "request": {
            "method": "POST",
            "header": [
              {
                "key": "Content-Type",
                "value": "application/json"
              }
            ],
            "body": {
              "mode": "raw",
              "raw": "{\n    \"name\": \"John Doe\",\n    \"email\": \"john@example.com\",\n    \"password\": \"password123\",\n    \"role\": \"student\"\n}"
            },
            "url": {
              "raw": "http://localhost:3000/api/auth/register",
              "protocol": "http",
              "host": ["localhost"],
              "port": "3000",
              "path": ["api", "auth", "register"]
            }
          }
        },
        {
          "name": "Login",
          "request": {
            "method": "POST",
            "header": [
              {
                "key": "Content-Type",
                "value": "application/json"
              }
            ],
            "body": {
              "mode": "raw",
              "raw": "{\n    \"email\": \"john@example.com\",\n    \"password\": \"password123\"\n}"
            },
            "url": {
              "raw": "http://localhost:3000/api/auth/login",
              "protocol": "http",
              "host": ["localhost"],
              "port": "3000",
              "path": ["api", "auth", "login"]
            }
          }
        }
      ]
    },
    {
      "name": "Users",
      "item": [
        {
          "name": "Get All Users",
          "request": {
            "method": "GET",
            "header": [
              {
                "key": "Authorization",
                "value": "Bearer <your_token>"
              }
            ],
            "url": {
              "raw": "http://localhost:3000/api/users",
              "protocol": "http",
              "host": ["localhost"],
              "port": "3000",
              "path": ["api", "users"]
            }
          }
        },
        {
          "name": "Get User by ID",
          "request": {
            "method": "GET",
            "header": [
              {
                "key": "Authorization",
                "value": "Bearer <your_token>"
              }
            ],
            "url": {
              "raw": "http://localhost:3000/api/users/:id",
              "protocol": "http",
              "host": ["localhost"],
              "port": "3000",
              "path": ["api", "users", ":id"],
              "variable": [
                {
                  "key": "id",
                  "value": "1"
                }
              ]
            }
          }
        },
        {
          "name": "Update User by ID",
          "request": {
            "method": "PUT",
            "header": [
              {
                "key": "Authorization",
                "value": "Bearer <your_token>"
              },
              {
                "key": "Content-Type",
                "value": "application/json"
              }
            ],
            "body": {
              "mode": "raw",
              "raw": "{\n    \"name\": \"John Updated\",\n    \"email\": \"john.updated@example.com\",\n    \"password\": \"newpassword123\",\n    \"role\": \"teacher\"\n}"
            },
            "url": {
              "raw": "http://localhost:3000/api/users/:id",
              "protocol": "http",
              "host": ["localhost"],
              "port": "3000",
              "path": ["api", "users", ":id"],
              "variable": [
                {
                  "key": "id",
                  "value": "1"
                }
              ]
            }
          }
        },
        {
          "name": "Delete User by ID",
          "request": {
            "method": "DELETE",
            "header": [
              {
                "key": "Authorization",
                "value": "Bearer <your_token>"
              }
            ],
            "url": {
              "raw": "http://localhost:3000/api/users/:id",
              "protocol": "http",
              "host": ["localhost"],
              "port": "3000",
              "path": ["api", "users", ":id"],
              "variable": [
                {
                  "key": "id",
                  "value": "1"
                }
              ]
            }
          }
        }
      ]
    },
    {
      "name": "Courses",
      "item": [
        {
          "name": "Get All Courses",
          "request": {
            "method": "GET",
            "header": [
              {
                "key": "Authorization",
                "value": "Bearer <your_token>"
              }
            ],
            "url": {
              "raw": "http://localhost:3000/api/courses",
              "protocol": "http",
              "host": ["localhost"],
              "port": "3000",
              "path": ["api", "courses"]
            }
          }
        },
        {
          "name": "Get Course by ID",
          "request": {
            "method": "GET",
            "header": [
              {
                "key": "Authorization",
                "value": "Bearer <your_token>"
              }
            ],
            "url": {
              "raw": "http://localhost:3000/api/courses/:id",
              "protocol": "http",
              "host": ["localhost"],
              "port": "3000",
              "path": ["api", "courses", ":id"],
              "variable": [
                {
                  "key": "id",
                  "value": "1"
                }
              ]
            }
          }
        },
        {
          "name": "Create Course",
          "request": {
            "method": "POST",
            "header": [
              {
                "key": "Authorization",
                "value": "Bearer <your_token>"
              },
              {
                "key": "Content-Type",
                "value": "application/json"
              }
            ],
            "body": {
              "mode": "raw",
              "raw": "{\n    \"title\": \"New Course\",\n    \"description\": \"This is a new course.\",\n    \"teacherId\": 1\n}"
            },
            "url": {
              "raw": "http://localhost:3000/api/courses",
              "protocol": "http",
              "host": ["localhost"],
              "port": "3000",
              "path": ["api", "courses"]
            }
          }
        },
        {
          "name": "Update Course by ID",
          "request": {
            "method": "PUT",
            "header": [
              {
                "key": "Authorization",
                "value": "Bearer <your_token>"
              },
              {
                "key": "Content-Type",
                "value": "application/json"
              }
            ],
            "body": {
              "mode": "raw",
              "raw": "{\n    \"title\": \"Updated Course\",\n    \"description\": \"This is an updated course.\",\n    \"teacherId\": 1\n}"
            },
            "url": {
              "raw": "http://localhost:3000/api/courses/:id",
              "protocol": "http",
              "host": ["localhost"],
              "port": "3000",
              "path": ["api", "courses", ":id"],
              "variable": [
                {
                  "key": "id",
                  "value": "1"
                }
              ]
            }
          }
        },
        {
          "name": "Delete Course by ID",
          "request": {
            "method": "DELETE",
            "header": [
              {
                "key": "Authorization",
                "value": "Bearer <your_token>"
              }
            ],
            "url": {
              "raw": "http://localhost:3000/api/courses/:id",
              "protocol": "http",
              "host": ["localhost"],
              "port": "3000",
              "path": ["api", "courses", ":id"],
              "variable": [
                {
                  "key": "id",
                  "value": "1"
                }
              ]
            }
          }
        },
        {
          "name": "Enroll in Course",
          "request": {
            "method": "POST",
            "header": [
              {
                "key": "Authorization",
                "value": "Bearer <your_token>"
              },
              {
                "key": "Content-Type",
                "value": "application/json"
              }
            ],
            "body": {
              "mode": "raw",
              "raw": "{\n    \"userId\": 1\n}"
            },
            "url": {
              "raw": "http://localhost:3000/api/courses/:courseId/enroll",
              "protocol": "http",
              "host": ["localhost"],
              "port": "3000",
              "path": ["api", "courses", ":courseId", "enroll"],
              "variable": [
                {
                  "key": "courseId",
                  "value": "1"
                }
              ]
            }
          }
        }
      ]
    },
    {
      "name": "Lessons",
      "item": [
        {
          "name": "Get All Lessons in Course",
          "request": {
            "method": "GET",
            "header": [
              {
                "key": "Authorization",
                "value": "Bearer <your_token>"
              }
            ],
            "url": {
              "raw": "http://localhost:3000/api/courses/:courseId/lessons",
              "protocol": "http",
              "host": ["localhost"],
              "port": "3000",
              "path": ["api", "courses", ":courseId", "lessons"],
              "variable": [
                {
                  "key": "courseId",
                  "value": "1"
                }
              ]
            }
          }
        },
        {
          "name": "Get Lesson by ID",
          "request": {
            "method": "GET",
            "header": [
              {
                "key": "Authorization",
                "value": "Bearer <your_token>"
              }
            ],
            "url": {
              "raw": "http://localhost:3000/api/courses/:courseId/lessons/:id",
              "protocol": "http",
              "host": ["localhost"],
              "port": "3000",
              "path": ["api", "courses", ":courseId", "lessons", ":id"],
              "variable": [
                {
                  "key": "courseId",
                  "value": "1"
                },
                {
                  "key": "id",
                  "value": "1"
                }
              ]
            }
          }
        },
        {
          "name": "Create Lesson",
          "request": {
            "method": "POST",
            "header": [
              {
                "key": "Authorization",
                "value": "Bearer <your_token>"
              },
              {
                "key": "Content-Type",
                "value": "application/json"
              }
            ],
            "body": {
              "mode": "raw",
              "raw": "{\n    \"title\": \"New Lesson\",\n    \"content\": \"This is a new lesson.\",\n    \"courseId\": 1\n}"
            },
            "url": {
              "raw": "http://localhost:3000/api/courses/:courseId/lessons",
              "protocol": "http",
              "host": ["localhost"],
              "port": "3000",
              "path": ["api", "courses", ":courseId", "lessons"],
              "variable": [
                {
                  "key": "courseId",
                  "value": "1"
                }
              ]
            }
          }
        },
        {
          "name": "Update Lesson by ID",
          "request": {
            "method": "PUT",
            "header": [
              {
                "key": "Authorization",
                "value": "Bearer <your_token>"
              },
              {
                "key": "Content-Type",
                "value": "application/json"
              }
            ],
            "body": {
              "mode": "raw",
              "raw": "{\n    \"title\": \"Updated Lesson\",\n    \"content\": \"This is an updated lesson.\",\n    \"courseId\": 1\n}"
            },
            "url": {
              "raw": "http://localhost:3000/api/courses/:courseId/lessons/:id",
              "protocol": "http",
              "host": ["localhost"],
              "port": "3000",
              "path": ["api", "courses", ":courseId", "lessons", ":id"],
              "variable": [
                {
                  "key": "courseId",
                  "value": "1"
                },
                {
                  "key": "id",
                  "value": "1"
                }
              ]
            }
          }
        },
        {
          "name": "Delete Lesson by ID",
          "request": {
            "method": "DELETE",
            "header": [
              {
                "key": "Authorization",
                "value": "Bearer <your_token>"
              }
            ],
            "url": {
              "raw": "http://localhost:3000/api/courses/:courseId/lessons/:id",
              "protocol": "http",
              "host": ["localhost"],
              "port": "3000",
              "path": ["api", "courses", ":courseId", "lessons", ":id"],
              "variable": [
                {
                  "key": "courseId",
                  "value": "1"
                },
                {
                  "key": "id",
                  "value": "1"
                }
              ]
            }
          }
        }
      ]
    }
  ]
}